r_best,r_max,r_avg_full,r_avg_sub,l_avg_full,l_avg_sub,ewma,n_unique_full,n_unique_sub,n_novel_full,n_novel_sub,a_ent_full,a_ent_sub,invalid_avg_full,invalid_avg_sub,baseline,time
5.804755687713623047e-01,5.804755687713623047e-01,2.786692380905151367e-01,5.398613810539245605e-01,1.328222656250000000e+01,1.176190471649169922e+01,-1.000000000000000000e+00,1.024000000000000000e+03,2.100000000000000000e+01,1.024000000000000000e+03,2.100000000000000000e+01,1.698429584503173828e+00,1.568946719169616699e+00,9.765625000000000000e-03,0.000000000000000000e+00,5.272616744041442871e-01,5.788721084594726562e+00
5.804755687713623047e-01,5.633484125137329102e-01,2.763774991035461426e-01,5.489959120750427246e-01,1.326660156250000000e+01,1.314285755157470703e+01,-1.000000000000000000e+00,1.024000000000000000e+03,2.100000000000000000e+01,1.024000000000000000e+03,2.100000000000000000e+01,1.697733998298645020e+00,1.565898060798645020e+00,1.464843750000000000e-02,0.000000000000000000e+00,5.351737141609191895e-01,1.181210613250732422e+01
5.807781219482421875e-01,5.807781219482421875e-01,2.774667739868164062e-01,5.407174229621887207e-01,1.309082031250000000e+01,1.376190471649169922e+01,-1.000000000000000000e+00,1.024000000000000000e+03,2.100000000000000000e+01,1.024000000000000000e+03,2.100000000000000000e+01,1.695990800857543945e+00,1.561080336570739746e+00,1.464843750000000000e-02,0.000000000000000000e+00,5.308269858360290527e-01,1.764132499694824219e+01
5.807781219482421875e-01,5.650172233581542969e-01,2.860745191574096680e-01,5.407601594924926758e-01,1.293164062500000000e+01,1.347619056701660156e+01,-1.000000000000000000e+00,1.024000000000000000e+03,2.100000000000000000e+01,1.024000000000000000e+03,2.100000000000000000e+01,1.693363666534423828e+00,1.573037862777709961e+00,1.464843750000000000e-02,0.000000000000000000e+00,5.263797044754028320e-01,2.343886375427246094e+01
6.011959314346313477e-01,6.011959314346313477e-01,2.920191884040832520e-01,5.474973917007446289e-01,1.326171875000000000e+01,1.328571414947509766e+01,-1.000000000000000000e+00,1.024000000000000000e+03,2.100000000000000000e+01,1.022000000000000000e+03,2.100000000000000000e+01,1.691051363945007324e+00,1.564176917076110840e+00,1.660156250000000000e-02,0.000000000000000000e+00,5.322861671447753906e-01,2.981938362121582031e+01
